CountyName,CountyID,Count,PopTotal,CountPerCapitaAnnual,CountRank,CountPerCapitaRank,Fips,
Adair,1,2239,22683,0.002407519,59,70,40001," [LabelLatitude] = (""""&I2&"""") WHERE [CountyID]=(""""&B2&"""")"""""""
Alfalfa,2,414,5642,0.001789713,17,62,40003," [LabelLatitude] = (36.7309255630188) WHERE [CountyID]=(2)"""
Atoka,3,766,14182,0.001317369,28,52,40005," [LabelLatitude] = (34.3809870625568) WHERE [CountyID]=(3)"""
Beaver,4,98,5636,0.000424103,2,6,40007," [LabelLatitude] = (36.7458468405142) WHERE [CountyID]=(4)"""
Beckham,5,2366,22119,0.002608948,62,71,40009," [LabelLatitude] = (35.2696357540839) WHERE [CountyID]=(5)"""
Blaine,6,1781,11943,0.003637195,50,76,40011," [LabelLatitude] = (35.8688113906142) WHERE [CountyID]=(6)"""
Bryan,7,2611,42416,0.001501389,65,59,40013," [LabelLatitude] = (33.9616831096468) WHERE [CountyID]=(7)"""
Caddo,8,1375,29600,0.001132993,42,40,40015," [LabelLatitude] = (35.177793720151) WHERE [CountyID]=(8)"""
Canadian,9,7217,115541,0.00152348,75,60,40017," [LabelLatitude] = (35.5340567548489) WHERE [CountyID]=(9)"""
Carter,10,1875,47557,0.000961619,51,32,40019," [LabelLatitude] = (34.2546712262712) WHERE [CountyID]=(10)"""
Cherokee,11,1723,46987,0.000894383,49,28,40021," [LabelLatitude] = (35.9355360744063) WHERE [CountyID]=(11)"""
Choctaw,12,820,15205,0.001315357,31,51,40023," [LabelLatitude] = (34.0538123875066) WHERE [CountyID]=(12)"""
Cimarron,13,9,2475,8.87E-05,1,1,40025," [LabelLatitude] = (36.7373650133402) WHERE [CountyID]=(13)"""
Cleveland,14,6453,255755,0.000615395,74,12,40027," [LabelLatitude] = (35.2012061949784) WHERE [CountyID]=(14)"""
Coal,15,764,5925,0.003145004,27,75,40029," [LabelLatitude] = (34.5953455038142) WHERE [CountyID]=(15)"""
Comanche,16,3921,124098,0.000770634,73,18,40031," [LabelLatitude] = (34.6655369286933) WHERE [CountyID]=(16)"""
Cotton,17,227,6193,0.000894007,10,26,40033," [LabelLatitude] = (34.2918378918678) WHERE [CountyID]=(17)"""
Craig,18,785,15029,0.00127396,30,48,40035," [LabelLatitude] = (36.7853186104569) WHERE [CountyID]=(18)"""
Creek,19,2361,69967,0.000823036,61,22,40037," [LabelLatitude] = (35.8984115595445) WHERE [CountyID]=(19)"""
Custer,20,1672,27469,0.0014846,48,58,40039," [LabelLatitude] = (35.6355925726426) WHERE [CountyID]=(20)"""
Delaware,21,2632,41487,0.001547355,66,61,40041," [LabelLatitude] = (36.4330750413896) WHERE [CountyID]=(21)"""
Dewey,22,442,4810,0.002241266,19,66,40043," [LabelLatitude] = (35.9860641060811) WHERE [CountyID]=(22)"""
Ellis,23,101,4151,0.000593451,3.5,10,40045," [LabelLatitude] = (36.2085544939542) WHERE [CountyID]=(23)"""
Garfield,24,3299,60580,0.001328217,69,53,40047," [LabelLatitude] = (36.3678657387894) WHERE [CountyID]=(24)"""
Garvin,25,1395,27576,0.001233841,43,47,40049," [LabelLatitude] = (34.7103145563251) WHERE [CountyID]=(25)"""
Grady,26,1922,52431,0.00089409,54,27,40051," [LabelLatitude] = (35.0140335742845) WHERE [CountyID]=(26)"""
Grant,27,219,4527,0.001179912,9,44,40053," [LabelLatitude] = (36.7906959570334) WHERE [CountyID]=(27)"""
Greer,28,1053,6239,0.004116513,35,77,40055," [LabelLatitude] = (34.9427664878966) WHERE [CountyID]=(28)"""
Harmon,29,323,2922,0.002696115,14,74,40057," [LabelLatitude] = (34.7474029014696) WHERE [CountyID]=(29)"""
Harper,30,130,3685,0.000860443,5,24,40059," [LabelLatitude] = (36.7775045477641) WHERE [CountyID]=(30)"""
Haskell,31,478,12769,0.000913034,22,30,40061," [LabelLatitude] = (35.2553093637869) WHERE [CountyID]=(31)"""
Hughes,32,1342,14003,0.002337478,41,68,40063," [LabelLatitude] = (35.0526183366767) WHERE [CountyID]=(32)"""
Jackson,33,2033,26446,0.001874967,58,63,40065," [LabelLatitude] = (34.5917941766762) WHERE [CountyID]=(33)"""
Jefferson,34,151,6472,0.000569055,6,8,40067," [LabelLatitude] = (34.1110896977992) WHERE [CountyID]=(34)"""
Johnston,35,455,10957,0.001012828,20,33,40069," [LabelLatitude] = (34.3187259845145) WHERE [CountyID]=(35)"""
Kay,36,3748,46562,0.001963288,71,64,40071," [LabelLatitude] = (36.8197603838225) WHERE [CountyID]=(36)"""
Kingfisher,37,476,15034,0.000772233,21,19,40073," [LabelLatitude] = (35.934131116842) WHERE [CountyID]=(37)"""
Kiowa,38,340,9446,0.000877904,15,25,40075," [LabelLatitude] = (34.9187670789366) WHERE [CountyID]=(38)"""
Latimer,39,357,11154,0.000780645,16,20,40077," [LabelLatitude] = (34.9067885471894) WHERE [CountyID]=(39)"""
Le Flore,40,2650,50384,0.001282831,67,49,40079," [LabelLatitude] = (34.9299511687652) WHERE [CountyID]=(40)"""
Lincoln,41,1659,34273,0.001180621,47,45,40081," [LabelLatitude] = (35.69193772589) WHERE [CountyID]=(41)"""
Logan,42,1455,41848,0.000848017,44,23,40083," [LabelLatitude] = (35.9055803786812) WHERE [CountyID]=(42)"""
Love,43,285,9423,0.000737686,13,16,40085," [LabelLatitude] = (34.0006399600389) WHERE [CountyID]=(43)"""
Major,47,433,7527,0.001403079,18,57,40093," [LabelLatitude] = (36.3106916876361) WHERE [CountyID]=(47)"""
Marshall,48,724,15840,0.001114807,26,39,40095," [LabelLatitude] = (34.0264118585759) WHERE [CountyID]=(48)"""
Mayes,49,1947,41259,0.001150968,55,42,40097," [LabelLatitude] = (36.3337424158728) WHERE [CountyID]=(49)"""
McClain,44,960,34506,0.000678567,32,14,40087," [LabelLatitude] = (35.0031201393918) WHERE [CountyID]=(44)"""
McCurtain,45,1876,33151,0.001380233,52,54,40089," [LabelLatitude] = (34.1452341840507) WHERE [CountyID]=(45)"""
McIntosh,46,1980,20252,0.002384588,56,69,40091," [LabelLatitude] = (35.398840067242) WHERE [CountyID]=(46)"""
Murray,50,160,13488,0.000289327,7,2,40099," [LabelLatitude] = (34.4888457946869) WHERE [CountyID]=(50)"""
Muskogee,51,2952,70990,0.001014227,68,34,40101," [LabelLatitude] = (35.6427027662025) WHERE [CountyID]=(51)"""
Noble,52,492,11561,0.001037972,23,36,40103," [LabelLatitude] = (36.3855065817112) WHERE [CountyID]=(52)"""
Nowata,53,1009,10536,0.002335778,34,67,40105," [LabelLatitude] = (36.8198423472456) WHERE [CountyID]=(53)"""
Okfuskee,54,701,12191,0.001402474,25,56,40107," [LabelLatitude] = (35.4641810903221) WHERE [CountyID]=(54)"""
Oklahoma,55,33569,718633,0.001139324,77,41,40109," [LabelLatitude] = (35.5394523331614) WHERE [CountyID]=(55)"""
Okmulgee,56,2275,40069,0.001384806,60,55,40111," [LabelLatitude] = (35.6570209142237) WHERE [CountyID]=(56)"""
Osage,57,1467,47472,0.000753718,45,17,40113," [LabelLatitude] = (36.634052844886) WHERE [CountyID]=(57)"""
Ottawa,58,1558,31848,0.001193168,46,46,40115," [LabelLatitude] = (36.8552992868479) WHERE [CountyID]=(58)"""
Pawnee,59,691,16577,0.001016689,24,35,40117," [LabelLatitude] = (36.3168088803122) WHERE [CountyID]=(59)"""
Payne,60,3715,77350,0.001171425,70,43,40119," [LabelLatitude] = (36.0693458141458) WHERE [CountyID]=(60)"""
Pittsburg,61,3811,45837,0.002027864,72,65,40121," [LabelLatitude] = (34.9488015969789) WHERE [CountyID]=(61)"""
Pontotoc,62,767,37492,0.000498968,29,7,40123," [LabelLatitude] = (34.7307576005793) WHERE [CountyID]=(62)"""
Pottawatomie,63,2586,69442,0.000908286,64,29,40125," [LabelLatitude] = (35.3015638806384) WHERE [CountyID]=(63)"""
Pushmataha,64,1252,11572,0.002638834,40,72,40127," [LabelLatitude] = (34.4497873058268) WHERE [CountyID]=(64)"""
Roger Mills,65,101,3647,0.000675463,3.5,13,40129," [LabelLatitude] = (35.6831343827393) WHERE [CountyID]=(65)"""
Rogers,66,2494,86905,0.000699951,63,15,40131," [LabelLatitude] = (36.3979046759883) WHERE [CountyID]=(66)"""
Seminole,67,1098,25482,0.001050957,37,37,40133," [LabelLatitude] = (35.1681506005071) WHERE [CountyID]=(67)"""
Sequoyah,68,1879,42391,0.001081108,53,38,40135," [LabelLatitude] = (35.5205440172208) WHERE [CountyID]=(68)"""
Stephens,69,1107,45048,0.000599361,38,11,40137," [LabelLatitude] = (34.4843230918468) WHERE [CountyID]=(69)"""
Texas,70,253,20640,0.00029897,11,3,40139," [LabelLatitude] = (36.7450721534074) WHERE [CountyID]=(70)"""
Tillman,71,267,7992,0.000814839,12,21,40141," [LabelLatitude] = (34.3753490926514) WHERE [CountyID]=(71)"""
Tulsa,72,14589,603403,0.000589704,76,9,40143," [LabelLatitude] = (36.1338366907781) WHERE [CountyID]=(72)"""
Wagoner,73,1231,73085,0.000410815,39,5,40145," [LabelLatitude] = (35.9858739766272) WHERE [CountyID]=(73)"""
Washington,74,2007,50976,0.00096028,57,31,40147," [LabelLatitude] = (36.7270298442834) WHERE [CountyID]=(74)"""
Washita,75,181,11629,0.000379623,8,4,40149," [LabelLatitude] = (35.2907305029854) WHERE [CountyID]=(75)"""
Woods,76,973,8878,0.002673092,33,73,40151," [LabelLatitude] = (36.7708675261212) WHERE [CountyID]=(76)"""
Woodward,77,1066,20081,0.001294756,36,50,40153," [LabelLatitude] = (36.416401211778) WHERE [CountyID]=(77)"""
